{"count": 2, "categories": [{"id": 0, "preview": {"al": "cy", "name": "ycy (9).jpg", "h": 7850, "w": 5236, "ct": 1738774813.497572, "faces": [[2696, 973, 1107, 1522]]}}, {"id": 1, "preview": {"al": "angela", "name": "angela (24).jpg", "h": 2162, "w": 1440, "ct": 1738774813.507572, "faces": [[710, 385, 118, 167]]}}]}